,record_id,label,classifier,querier,balancer,feature_extractor,training_set,time,note,tags,user_id
0,68,1,,,,,,1750427807.514362,,,
1,228,1,,,,,,1750427807.514362,,,
2,1,0,,,,,,1750427807.514362,,,
3,0,0,,,,,,1750427807.514362,,,
4,2,0,,,,,,1750427807.514362,,,
5,1984,1,svm,max,balanced,tfidf,5,1750427808.6022358,,,
6,170,0,svm,max,balanced,tfidf,6,1750427808.6178708,,,
7,4506,1,svm,max,balanced,tfidf,7,1750427808.6328497,,,
8,5846,0,svm,max,balanced,tfidf,8,1750427808.6471515,,,
9,1177,0,svm,max,balanced,tfidf,9,1750427808.6631079,,,
10,4931,1,svm,max,balanced,tfidf,10,1750427808.6758912,,,
11,3258,1,svm,max,balanced,tfidf,11,1750427808.6896374,,,
12,4905,1,svm,max,balanced,tfidf,12,1750427808.7018967,,,
13,5262,1,svm,max,balanced,tfidf,13,1750427808.7127402,,,
14,1918,1,svm,max,balanced,tfidf,14,1750427808.7277434,,,
15,6754,0,svm,max,balanced,tfidf,15,1750427808.7449973,,,
16,8355,1,svm,max,balanced,tfidf,16,1750427808.757754,,,
17,5428,1,svm,max,balanced,tfidf,17,1750427808.7685733,,,
18,528,0,svm,max,balanced,tfidf,18,1750427808.7778563,,,
19,4794,0,svm,max,balanced,tfidf,19,1750427808.789396,,,
20,8751,1,svm,max,balanced,tfidf,20,1750427808.799995,,,
21,6520,1,svm,max,balanced,tfidf,21,1750427808.8104541,,,
22,1824,1,svm,max,balanced,tfidf,22,1750427808.8209572,,,
23,6660,0,svm,max,balanced,tfidf,23,1750427808.8329422,,,
24,3689,1,svm,max,balanced,tfidf,24,1750427808.8447862,,,
25,2842,1,svm,max,balanced,tfidf,25,1750427808.8587568,,,
26,6012,0,svm,max,balanced,tfidf,26,1750427808.8707619,,,
27,3038,1,svm,max,balanced,tfidf,27,1750427808.8819273,,,
28,5996,0,svm,max,balanced,tfidf,28,1750427808.8936417,,,
29,5084,1,svm,max,balanced,tfidf,29,1750427808.9054995,,,
30,4488,1,svm,max,balanced,tfidf,30,1750427808.9149833,,,
31,6783,0,svm,max,balanced,tfidf,31,1750427808.9243927,,,
32,6963,1,svm,max,balanced,tfidf,32,1750427808.936857,,,
33,4877,1,svm,max,balanced,tfidf,33,1750427808.9510555,,,
34,5176,1,svm,max,balanced,tfidf,34,1750427808.9647806,,,
35,5838,0,svm,max,balanced,tfidf,35,1750427808.9765272,,,
36,2552,1,svm,max,balanced,tfidf,36,1750427808.987552,,,
37,8366,1,svm,max,balanced,tfidf,37,1750427808.9988685,,,
38,5425,1,svm,max,balanced,tfidf,38,1750427809.00916,,,
39,6165,1,svm,max,balanced,tfidf,39,1750427809.019819,,,
40,3342,1,svm,max,balanced,tfidf,40,1750427809.0306857,,,
41,1596,1,svm,max,balanced,tfidf,41,1750427809.044281,,,
42,4194,1,svm,max,balanced,tfidf,42,1750427809.0580645,,,
43,1230,1,svm,max,balanced,tfidf,43,1750427809.070636,,,
44,3493,0,svm,max,balanced,tfidf,44,1750427809.0825098,,,
45,4109,0,svm,max,balanced,tfidf,45,1750427809.0945241,,,
46,2146,1,svm,max,balanced,tfidf,46,1750427809.1058493,,,
47,8688,0,svm,max,balanced,tfidf,47,1750427809.1201339,,,
48,4950,0,svm,max,balanced,tfidf,48,1750427809.138659,,,
49,4770,0,svm,max,balanced,tfidf,49,1750427809.1540952,,,
50,7797,1,svm,max,balanced,tfidf,50,1750427809.1699867,,,
51,7013,0,svm,max,balanced,tfidf,51,1750427809.1870546,,,
52,8046,0,svm,max,balanced,tfidf,52,1750427809.202501,,,
53,1813,0,svm,max,balanced,tfidf,53,1750427809.2172148,,,
54,259,1,svm,max,balanced,tfidf,54,1750427809.2296355,,,
55,4049,0,svm,max,balanced,tfidf,55,1750427809.2457774,,,
56,4885,0,svm,max,balanced,tfidf,56,1750427809.2634168,,,
57,516,0,svm,max,balanced,tfidf,57,1750427809.274731,,,
58,3883,0,svm,max,balanced,tfidf,58,1750427809.286229,,,
59,575,0,svm,max,balanced,tfidf,59,1750427809.2995782,,,
60,3880,0,svm,max,balanced,tfidf,60,1750427809.3177865,,,
61,1308,0,svm,max,balanced,tfidf,61,1750427809.3322368,,,
62,497,1,svm,max,balanced,tfidf,62,1750427809.3458369,,,
63,4400,1,svm,max,balanced,tfidf,63,1750427809.360633,,,
64,7571,1,svm,max,balanced,tfidf,64,1750427809.3790486,,,
65,3082,0,svm,max,balanced,tfidf,65,1750427809.3969176,,,
66,7512,0,svm,max,balanced,tfidf,66,1750427809.4149003,,,
67,2759,0,svm,max,balanced,tfidf,67,1750427809.4329567,,,
68,7822,0,svm,max,balanced,tfidf,68,1750427809.4480243,,,
69,6256,0,svm,max,balanced,tfidf,69,1750427809.4681804,,,
70,2472,0,svm,max,balanced,tfidf,70,1750427809.4862254,,,
71,2132,0,svm,max,balanced,tfidf,71,1750427809.502256,,,
72,5271,0,svm,max,balanced,tfidf,72,1750427809.516185,,,
73,967,0,svm,max,balanced,tfidf,73,1750427809.5349681,,,
74,1889,0,svm,max,balanced,tfidf,74,1750427809.5511966,,,
75,7265,0,svm,max,balanced,tfidf,75,1750427809.5676193,,,
76,1740,0,svm,max,balanced,tfidf,76,1750427809.5835483,,,
77,2507,0,svm,max,balanced,tfidf,77,1750427809.6001575,,,
78,5640,1,svm,max,balanced,tfidf,78,1750427809.620096,,,
79,3143,1,svm,max,balanced,tfidf,79,1750427809.6403484,,,
80,1202,1,svm,max,balanced,tfidf,80,1750427809.6566377,,,
81,8477,1,svm,max,balanced,tfidf,81,1750427809.6741574,,,
82,2571,1,svm,max,balanced,tfidf,82,1750427809.6974075,,,
83,5347,1,svm,max,balanced,tfidf,83,1750427809.7176886,,,
84,1278,0,svm,max,balanced,tfidf,84,1750427809.7360535,,,
85,4851,0,svm,max,balanced,tfidf,85,1750427809.7541635,,,
86,1012,0,svm,max,balanced,tfidf,86,1750427809.7759068,,,
87,1124,1,svm,max,balanced,tfidf,87,1750427809.7991729,,,
88,4036,0,svm,max,balanced,tfidf,88,1750427809.816379,,,
89,1366,0,svm,max,balanced,tfidf,89,1750427809.8320878,,,
90,5611,0,svm,max,balanced,tfidf,90,1750427809.8480437,,,
91,8078,1,svm,max,balanced,tfidf,91,1750427809.8625667,,,
92,1210,1,svm,max,balanced,tfidf,92,1750427809.878891,,,
93,373,1,svm,max,balanced,tfidf,93,1750427809.896123,,,
94,2468,0,svm,max,balanced,tfidf,94,1750427809.9110148,,,
95,2492,1,svm,max,balanced,tfidf,95,1750427809.9254453,,,
96,5560,0,svm,max,balanced,tfidf,96,1750427809.9402425,,,
97,3179,0,svm,max,balanced,tfidf,97,1750427809.9529371,,,
98,779,1,svm,max,balanced,tfidf,98,1750427809.965011,,,
99,7788,1,svm,max,balanced,tfidf,99,1750427809.9776335,,,
100,7198,0,svm,max,balanced,tfidf,100,1750427809.9917715,,,
101,6993,0,svm,max,balanced,tfidf,101,1750427810.0059466,,,
102,3396,0,svm,max,balanced,tfidf,102,1750427810.0202734,,,
103,1038,1,svm,max,balanced,tfidf,103,1750427810.0339718,,,
104,1280,1,svm,max,balanced,tfidf,104,1750427810.0481613,,,
105,955,1,svm,max,balanced,tfidf,105,1750427810.061179,,,
106,4549,1,svm,max,balanced,tfidf,106,1750427810.074606,,,
107,4298,0,svm,max,balanced,tfidf,107,1750427810.0892878,,,
108,2711,0,svm,max,balanced,tfidf,108,1750427810.1037292,,,
109,7509,1,svm,max,balanced,tfidf,109,1750427810.1174235,,,
110,5090,0,svm,max,balanced,tfidf,110,1750427810.132724,,,
111,4543,1,svm,max,balanced,tfidf,111,1750427810.1563535,,,
112,1638,0,svm,max,balanced,tfidf,112,1750427810.1776078,,,
113,6002,1,svm,max,balanced,tfidf,113,1750427810.2006452,,,
114,7196,0,svm,max,balanced,tfidf,114,1750427810.2207408,,,
115,6033,1,svm,max,balanced,tfidf,115,1750427810.2414026,,,
116,4191,0,svm,max,balanced,tfidf,116,1750427810.2622075,,,
117,543,1,svm,max,balanced,tfidf,117,1750427810.2869353,,,
118,1183,1,svm,max,balanced,tfidf,118,1750427810.3121014,,,
119,239,0,svm,max,balanced,tfidf,119,1750427810.3341608,,,
120,1216,1,svm,max,balanced,tfidf,120,1750427810.3535962,,,
121,3047,0,svm,max,balanced,tfidf,121,1750427810.3703122,,,
122,3499,0,svm,max,balanced,tfidf,122,1750427810.3965943,,,
123,5889,0,svm,max,balanced,tfidf,123,1750427810.4234812,,,
124,7384,0,svm,max,balanced,tfidf,124,1750427810.440121,,,
125,5592,0,svm,max,balanced,tfidf,125,1750427810.4587295,,,
126,5623,0,svm,max,balanced,tfidf,126,1750427810.4737546,,,
127,5907,0,svm,max,balanced,tfidf,127,1750427810.4884396,,,
128,1072,0,svm,max,balanced,tfidf,128,1750427810.5024056,,,
129,7151,0,svm,max,balanced,tfidf,129,1750427810.5163503,,,
130,4926,1,svm,max,balanced,tfidf,130,1750427810.529563,,,
131,8399,0,svm,max,balanced,tfidf,131,1750427810.5422492,,,
132,3071,1,svm,max,balanced,tfidf,132,1750427810.5552733,,,
133,1959,0,svm,max,balanced,tfidf,133,1750427810.5674,,,
134,4639,0,svm,max,balanced,tfidf,134,1750427810.5801532,,,
135,5765,0,svm,max,balanced,tfidf,135,1750427810.5951948,,,
136,8051,0,svm,max,balanced,tfidf,136,1750427810.6080241,,,
137,897,0,svm,max,balanced,tfidf,137,1750427810.6212165,,,
138,1964,1,svm,max,balanced,tfidf,138,1750427810.635201,,,
139,1799,0,svm,max,balanced,tfidf,139,1750427810.648549,,,
140,7700,1,svm,max,balanced,tfidf,140,1750427810.6631372,,,
141,2234,0,svm,max,balanced,tfidf,141,1750427810.6784372,,,
142,5919,0,svm,max,balanced,tfidf,142,1750427810.6930757,,,
143,4560,1,svm,max,balanced,tfidf,143,1750427810.707033,,,
144,3163,1,svm,max,balanced,tfidf,144,1750427810.7248864,,,
145,3576,0,svm,max,balanced,tfidf,145,1750427810.7402303,,,
146,952,0,svm,max,balanced,tfidf,146,1750427810.7521312,,,
147,8113,0,svm,max,balanced,tfidf,147,1750427810.7659671,,,
148,8511,0,svm,max,balanced,tfidf,148,1750427810.780131,,,
149,4866,0,svm,max,balanced,tfidf,149,1750427810.793718,,,
150,5055,1,svm,max,balanced,tfidf,150,1750427810.8076713,,,
151,2693,0,svm,max,balanced,tfidf,151,1750427810.8223855,,,
152,162,0,svm,max,balanced,tfidf,152,1750427810.8377943,,,
153,7691,1,svm,max,balanced,tfidf,153,1750427810.8506591,,,
154,6815,1,svm,max,balanced,tfidf,154,1750427810.863387,,,
155,3885,0,svm,max,balanced,tfidf,155,1750427810.8748026,,,
156,2775,1,svm,max,balanced,tfidf,156,1750427810.8868442,,,
157,2543,0,svm,max,balanced,tfidf,157,1750427810.8996253,,,
158,5605,0,svm,max,balanced,tfidf,158,1750427810.914185,,,
159,7905,1,svm,max,balanced,tfidf,159,1750427810.927651,,,
160,5302,1,svm,max,balanced,tfidf,160,1750427810.9394276,,,
161,5177,1,svm,max,balanced,tfidf,161,1750427810.953562,,,
162,6946,0,svm,max,balanced,tfidf,162,1750427810.9674268,,,
163,2342,0,svm,max,balanced,tfidf,163,1750427810.9789934,,,
164,8147,0,svm,max,balanced,tfidf,164,1750427810.9909189,,,
165,1031,0,svm,max,balanced,tfidf,165,1750427811.0015354,,,
166,1551,1,svm,max,balanced,tfidf,166,1750427811.0137382,,,
167,6303,1,svm,max,balanced,tfidf,167,1750427811.0267007,,,
168,5074,0,svm,max,balanced,tfidf,168,1750427811.0391972,,,
169,2247,0,svm,max,balanced,tfidf,169,1750427811.0501418,,,
170,8495,0,svm,max,balanced,tfidf,170,1750427811.0621743,,,
171,7084,1,svm,max,balanced,tfidf,171,1750427811.0749578,,,
172,8259,0,svm,max,balanced,tfidf,172,1750427811.0867949,,,
173,2686,1,svm,max,balanced,tfidf,173,1750427811.0979183,,,
174,2539,0,svm,max,balanced,tfidf,174,1750427811.1077492,,,
175,3581,0,svm,max,balanced,tfidf,175,1750427811.1190405,,,
176,405,0,svm,max,balanced,tfidf,176,1750427811.1311998,,,
177,1928,1,svm,max,balanced,tfidf,177,1750427811.1425822,,,
178,2358,0,svm,max,balanced,tfidf,178,1750427811.1534612,,,
179,2535,0,svm,max,balanced,tfidf,179,1750427811.1664004,,,
180,1394,0,svm,max,balanced,tfidf,180,1750427811.179654,,,
181,5328,1,svm,max,balanced,tfidf,181,1750427811.190771,,,
182,4177,0,svm,max,balanced,tfidf,182,1750427811.2034752,,,
183,6082,0,svm,max,balanced,tfidf,183,1750427811.2145488,,,
184,4576,0,svm,max,balanced,tfidf,184,1750427811.2246475,,,
185,7263,1,svm,max,balanced,tfidf,185,1750427811.2348692,,,
186,784,0,svm,max,balanced,tfidf,186,1750427811.2461107,,,
187,7232,0,svm,max,balanced,tfidf,187,1750427811.2570262,,,
188,1121,1,svm,max,balanced,tfidf,188,1750427811.2684915,,,
189,1879,0,svm,max,balanced,tfidf,189,1750427811.280707,,,
190,2329,1,svm,max,balanced,tfidf,190,1750427811.2917695,,,
191,8168,0,svm,max,balanced,tfidf,191,1750427811.3027592,,,
192,4873,1,svm,max,balanced,tfidf,192,1750427811.3144648,,,
193,4542,0,svm,max,balanced,tfidf,193,1750427811.324714,,,
194,5869,0,svm,max,balanced,tfidf,194,1750427811.3356144,,,
195,1578,0,svm,max,balanced,tfidf,195,1750427811.3485472,,,
196,1724,0,svm,max,balanced,tfidf,196,1750427811.3609545,,,
197,7450,1,svm,max,balanced,tfidf,197,1750427811.3757339,,,
198,7078,0,svm,max,balanced,tfidf,198,1750427811.389911,,,
199,3652,0,svm,max,balanced,tfidf,199,1750427811.4022548,,,
200,566,0,svm,max,balanced,tfidf,200,1750427811.4148805,,,
201,1215,0,svm,max,balanced,tfidf,201,1750427811.429713,,,
202,5105,0,svm,max,balanced,tfidf,202,1750427811.441555,,,
203,5000,0,svm,max,balanced,tfidf,203,1750427811.4527416,,,
204,1257,0,svm,max,balanced,tfidf,204,1750427811.4634058,,,
205,6085,1,svm,max,balanced,tfidf,205,1750427811.474507,,,
206,446,0,svm,max,balanced,tfidf,206,1750427811.4892337,,,
207,2008,0,svm,max,balanced,tfidf,207,1750427811.501327,,,
208,6579,0,svm,max,balanced,tfidf,208,1750427811.51246,,,
209,6661,0,svm,max,balanced,tfidf,209,1750427811.5256474,,,
210,4665,0,svm,max,balanced,tfidf,210,1750427811.5385473,,,
211,6410,0,svm,max,balanced,tfidf,211,1750427811.5504475,,,
212,8679,1,svm,max,balanced,tfidf,212,1750427811.5614119,,,
213,668,0,svm,max,balanced,tfidf,213,1750427811.5730374,,,
214,6426,0,svm,max,balanced,tfidf,214,1750427811.5839148,,,
215,2921,0,svm,max,balanced,tfidf,215,1750427811.5966866,,,
216,4656,0,svm,max,balanced,tfidf,216,1750427811.6083198,,,
217,8612,1,svm,max,balanced,tfidf,217,1750427811.620053,,,
218,6718,1,svm,max,balanced,tfidf,218,1750427811.6322596,,,
219,7878,1,svm,max,balanced,tfidf,219,1750427811.6437564,,,
220,2166,0,svm,max,balanced,tfidf,220,1750427811.6561203,,,
221,7362,1,svm,max,balanced,tfidf,221,1750427811.6665752,,,
222,6849,0,svm,max,balanced,tfidf,222,1750427811.6773405,,,
223,6566,1,svm,max,balanced,tfidf,223,1750427811.6910357,,,
224,4789,0,svm,max,balanced,tfidf,224,1750427811.7044687,,,
225,4311,0,svm,max,balanced,tfidf,225,1750427811.715492,,,
226,249,0,svm,max,balanced,tfidf,226,1750427811.7258248,,,
227,2896,0,svm,max,balanced,tfidf,227,1750427811.7376292,,,
228,4938,0,svm,max,balanced,tfidf,228,1750427811.749987,,,
229,3075,0,svm,max,balanced,tfidf,229,1750427811.7619634,,,
230,681,0,svm,max,balanced,tfidf,230,1750427811.7730455,,,
231,1554,1,svm,max,balanced,tfidf,231,1750427811.7839348,,,
232,4746,0,svm,max,balanced,tfidf,232,1750427811.7956982,,,
233,4241,1,svm,max,balanced,tfidf,233,1750427811.808175,,,
234,7359,0,svm,max,balanced,tfidf,234,1750427811.820259,,,
235,2161,0,svm,max,balanced,tfidf,235,1750427811.8332708,,,
236,4370,0,svm,max,balanced,tfidf,236,1750427811.845717,,,
237,641,0,svm,max,balanced,tfidf,237,1750427811.8577776,,,
238,3169,1,svm,max,balanced,tfidf,238,1750427811.8706799,,,
239,418,0,svm,max,balanced,tfidf,239,1750427811.8832653,,,
240,2628,0,svm,max,balanced,tfidf,240,1750427811.8941457,,,
241,4629,0,svm,max,balanced,tfidf,241,1750427811.9049299,,,
242,7913,1,svm,max,balanced,tfidf,242,1750427811.9185367,,,
243,1734,0,svm,max,balanced,tfidf,243,1750427811.9308548,,,
244,8658,0,svm,max,balanced,tfidf,244,1750427811.9414103,,,
245,5828,1,svm,max,balanced,tfidf,245,1750427811.9521127,,,
246,4786,0,svm,max,balanced,tfidf,246,1750427811.9627595,,,
247,7549,0,svm,max,balanced,tfidf,247,1750427811.9741013,,,
248,2786,0,svm,max,balanced,tfidf,248,1750427811.9845154,,,
249,35,0,svm,max,balanced,tfidf,249,1750427811.9951167,,,
250,6225,0,svm,max,balanced,tfidf,250,1750427812.0079706,,,
251,6705,0,svm,max,balanced,tfidf,251,1750427812.0219,,,
252,3177,0,svm,max,balanced,tfidf,252,1750427812.0346005,,,
253,1851,0,svm,max,balanced,tfidf,253,1750427812.0492618,,,
254,304,0,svm,max,balanced,tfidf,254,1750427812.062749,,,
255,7393,0,svm,max,balanced,tfidf,255,1750427812.0754483,,,
256,3841,0,svm,max,balanced,tfidf,256,1750427812.0888002,,,
257,627,0,svm,max,balanced,tfidf,257,1750427812.1017344,,,
258,1405,0,svm,max,balanced,tfidf,258,1750427812.1123047,,,
259,2128,0,svm,max,balanced,tfidf,259,1750427812.1237292,,,
260,7498,0,svm,max,balanced,tfidf,260,1750427812.1361182,,,
261,5308,1,svm,max,balanced,tfidf,261,1750427812.1483085,,,
262,1845,0,svm,max,balanced,tfidf,262,1750427812.1607773,,,
263,6113,0,svm,max,balanced,tfidf,263,1750427812.1770258,,,
264,5238,0,svm,max,balanced,tfidf,264,1750427812.1915574,,,
265,7457,0,svm,max,balanced,tfidf,265,1750427812.204252,,,
266,2276,0,svm,max,balanced,tfidf,266,1750427812.217299,,,
267,2018,0,svm,max,balanced,tfidf,267,1750427812.2297442,,,
268,3081,0,svm,max,balanced,tfidf,268,1750427812.2436311,,,
269,7439,0,svm,max,balanced,tfidf,269,1750427812.25637,,,
270,7031,0,svm,max,balanced,tfidf,270,1750427812.269635,,,
271,1966,0,svm,max,balanced,tfidf,271,1750427812.2835338,,,
272,7566,0,svm,max,balanced,tfidf,272,1750427812.2965941,,,
273,7584,0,svm,max,balanced,tfidf,273,1750427812.3127341,,,
274,6813,0,svm,max,balanced,tfidf,274,1750427812.3268697,,,
275,3695,0,svm,max,balanced,tfidf,275,1750427812.339166,,,
276,7524,0,svm,max,balanced,tfidf,276,1750427812.3533123,,,
277,496,0,svm,max,balanced,tfidf,277,1750427812.3670468,,,
278,2557,0,svm,max,balanced,tfidf,278,1750427812.3820662,,,
279,8124,0,svm,max,balanced,tfidf,279,1750427812.3957517,,,
280,7774,0,svm,max,balanced,tfidf,280,1750427812.4088943,,,
281,6777,0,svm,max,balanced,tfidf,281,1750427812.4218702,,,
282,7707,0,svm,max,balanced,tfidf,282,1750427812.4356043,,,
283,5946,0,svm,max,balanced,tfidf,283,1750427812.44879,,,
284,273,1,svm,max,balanced,tfidf,284,1750427812.4627013,,,
285,1833,0,svm,max,balanced,tfidf,285,1750427812.4743145,,,
286,8528,1,svm,max,balanced,tfidf,286,1750427812.4857912,,,
287,1094,0,svm,max,balanced,tfidf,287,1750427812.50031,,,
288,4426,0,svm,max,balanced,tfidf,288,1750427812.514352,,,
289,489,0,svm,max,balanced,tfidf,289,1750427812.5282,,,
290,4204,0,svm,max,balanced,tfidf,290,1750427812.5437813,,,
291,698,0,svm,max,balanced,tfidf,291,1750427812.5571363,,,
292,8518,0,svm,max,balanced,tfidf,292,1750427812.5715232,,,
293,3229,0,svm,max,balanced,tfidf,293,1750427812.585409,,,
294,255,0,svm,max,balanced,tfidf,294,1750427812.5996547,,,
295,7374,0,svm,max,balanced,tfidf,295,1750427812.6128533,,,
296,1304,0,svm,max,balanced,tfidf,296,1750427812.6266124,,,
297,8407,0,svm,max,balanced,tfidf,297,1750427812.6408095,,,
298,439,0,svm,max,balanced,tfidf,298,1750427812.654762,,,
299,4352,0,svm,max,balanced,tfidf,299,1750427812.6677234,,,
300,5690,0,svm,max,balanced,tfidf,300,1750427812.6807175,,,
301,3814,0,svm,max,balanced,tfidf,301,1750427812.693796,,,
302,1595,0,svm,max,balanced,tfidf,302,1750427812.7082944,,,
303,2296,0,svm,max,balanced,tfidf,303,1750427812.7212367,,,
304,7426,0,svm,max,balanced,tfidf,304,1750427812.735112,,,
305,4536,0,svm,max,balanced,tfidf,305,1750427812.7484355,,,
306,1629,0,svm,max,balanced,tfidf,306,1750427812.7594607,,,
307,6395,0,svm,max,balanced,tfidf,307,1750427812.7723577,,,
308,4610,0,svm,max,balanced,tfidf,308,1750427812.7857978,,,
309,4290,0,svm,max,balanced,tfidf,309,1750427812.7984302,,,
310,5726,0,svm,max,balanced,tfidf,310,1750427812.8123631,,,
311,4655,0,svm,max,balanced,tfidf,311,1750427812.8250463,,,
312,1553,0,svm,max,balanced,tfidf,312,1750427812.8377967,,,
313,1413,0,svm,max,balanced,tfidf,313,1750427812.851405,,,
314,8414,0,svm,max,balanced,tfidf,314,1750427812.8639686,,,
315,6251,0,svm,max,balanced,tfidf,315,1750427812.8770216,,,
316,4651,1,svm,max,balanced,tfidf,316,1750427812.891467,,,
317,1120,0,svm,max,balanced,tfidf,317,1750427812.9058256,,,
318,5166,0,svm,max,balanced,tfidf,318,1750427812.920223,,,
319,6996,0,svm,max,balanced,tfidf,319,1750427812.9358737,,,
320,2572,0,svm,max,balanced,tfidf,320,1750427812.9518664,,,
321,1026,1,svm,max,balanced,tfidf,321,1750427812.9698024,,,
322,156,0,svm,max,balanced,tfidf,322,1750427812.9824173,,,
323,7798,0,svm,max,balanced,tfidf,323,1750427812.9933941,,,
324,6802,0,svm,max,balanced,tfidf,324,1750427813.006062,,,
325,1904,0,svm,max,balanced,tfidf,325,1750427813.0186398,,,
326,4593,0,svm,max,balanced,tfidf,326,1750427813.0328593,,,
327,277,0,svm,max,balanced,tfidf,327,1750427813.0473878,,,
328,2491,0,svm,max,balanced,tfidf,328,1750427813.0636451,,,
329,3092,0,svm,max,balanced,tfidf,329,1750427813.0776334,,,
330,6364,0,svm,max,balanced,tfidf,330,1750427813.0921142,,,
331,2723,0,svm,max,balanced,tfidf,331,1750427813.1042686,,,
332,5967,0,svm,max,balanced,tfidf,332,1750427813.1165879,,,
333,6453,0,svm,max,balanced,tfidf,333,1750427813.1295063,,,
334,570,0,svm,max,balanced,tfidf,334,1750427813.1438794,,,
335,3608,0,svm,max,balanced,tfidf,335,1750427813.1582448,,,
336,1352,0,svm,max,balanced,tfidf,336,1750427813.1756291,,,
337,8494,0,svm,max,balanced,tfidf,337,1750427813.1925423,,,
338,647,0,svm,max,balanced,tfidf,338,1750427813.2066097,,,
339,3624,0,svm,max,balanced,tfidf,339,1750427813.2212813,,,
340,520,0,svm,max,balanced,tfidf,340,1750427813.236294,,,
341,4172,0,svm,max,balanced,tfidf,341,1750427813.2481003,,,
342,5215,0,svm,max,balanced,tfidf,342,1750427813.2627428,,,
343,3570,0,svm,max,balanced,tfidf,343,1750427813.2785435,,,
344,3552,0,svm,max,balanced,tfidf,344,1750427813.2943127,,,
345,3633,0,svm,max,balanced,tfidf,345,1750427813.307688,,,
346,5664,0,svm,max,balanced,tfidf,346,1750427813.3216054,,,
347,6464,0,svm,max,balanced,tfidf,347,1750427813.3340247,,,
348,468,0,svm,max,balanced,tfidf,348,1750427813.3464882,,,
349,5103,0,svm,max,balanced,tfidf,349,1750427813.3589096,,,
350,3158,0,svm,max,balanced,tfidf,350,1750427813.3736835,,,
351,743,0,svm,max,balanced,tfidf,351,1750427813.393179,,,
352,6772,0,svm,max,balanced,tfidf,352,1750427813.4088771,,,
353,1482,0,svm,max,balanced,tfidf,353,1750427813.4246,,,
354,2136,0,svm,max,balanced,tfidf,354,1750427813.44285,,,
355,5061,0,svm,max,balanced,tfidf,355,1750427813.4626741,,,
356,4464,0,svm,max,balanced,tfidf,356,1750427813.4769144,,,
357,5992,0,svm,max,balanced,tfidf,357,1750427813.4912174,,,
358,1559,0,svm,max,balanced,tfidf,358,1750427813.5074596,,,
359,6743,0,svm,max,balanced,tfidf,359,1750427813.5219314,,,
360,8217,0,svm,max,balanced,tfidf,360,1750427813.5422025,,,
361,880,0,svm,max,balanced,tfidf,361,1750427813.5578182,,,
362,6608,0,svm,max,balanced,tfidf,362,1750427813.5731323,,,
363,308,0,svm,max,balanced,tfidf,363,1750427813.5875077,,,
364,5313,0,svm,max,balanced,tfidf,364,1750427813.6003067,,,
365,6465,0,svm,max,balanced,tfidf,365,1750427813.6146703,,,
366,7672,0,svm,max,balanced,tfidf,366,1750427813.632295,,,
367,301,0,svm,max,balanced,tfidf,367,1750427813.6518242,,,
368,7183,0,svm,max,balanced,tfidf,368,1750427813.6692393,,,
369,501,0,svm,max,balanced,tfidf,369,1750427813.6856463,,,
370,7871,0,svm,max,balanced,tfidf,370,1750427813.6997066,,,
371,2054,0,svm,max,balanced,tfidf,371,1750427813.7139125,,,
372,1965,0,svm,max,balanced,tfidf,372,1750427813.7291818,,,
373,7636,0,svm,max,balanced,tfidf,373,1750427813.7459142,,,
374,2309,0,svm,max,balanced,tfidf,374,1750427813.7613115,,,
375,1118,0,svm,max,balanced,tfidf,375,1750427813.7748792,,,
376,893,0,svm,max,balanced,tfidf,376,1750427813.788714,,,
377,1925,0,svm,max,balanced,tfidf,377,1750427813.8035827,,,
378,5187,0,svm,max,balanced,tfidf,378,1750427813.8172655,,,
379,1598,0,svm,max,balanced,tfidf,379,1750427813.8353891,,,
380,7201,0,svm,max,balanced,tfidf,380,1750427813.8517532,,,
381,7128,0,svm,max,balanced,tfidf,381,1750427813.8671243,,,
382,3962,0,svm,max,balanced,tfidf,382,1750427813.882336,,,
383,1540,0,svm,max,balanced,tfidf,383,1750427813.9011288,,,
384,510,0,svm,max,balanced,tfidf,384,1750427813.917308,,,
385,860,0,svm,max,balanced,tfidf,385,1750427813.9335427,,,
386,4120,0,svm,max,balanced,tfidf,386,1750427813.9490874,,,
387,3130,0,svm,max,balanced,tfidf,387,1750427813.9667292,,,
388,210,0,svm,max,balanced,tfidf,388,1750427813.983814,,,
389,1192,0,svm,max,balanced,tfidf,389,1750427813.9998922,,,
390,688,0,svm,max,balanced,tfidf,390,1750427814.0174227,,,
391,1794,0,svm,max,balanced,tfidf,391,1750427814.0337648,,,
392,5196,0,svm,max,balanced,tfidf,392,1750427814.0515828,,,
393,5965,0,svm,max,balanced,tfidf,393,1750427814.0704937,,,
394,1341,0,svm,max,balanced,tfidf,394,1750427814.094172,,,
395,1832,0,svm,max,balanced,tfidf,395,1750427814.113054,,,
396,3535,0,svm,max,balanced,tfidf,396,1750427814.129569,,,
397,1082,1,svm,max,balanced,tfidf,397,1750427814.1454911,,,
398,5241,0,svm,max,balanced,tfidf,398,1750427814.1723192,,,
399,792,0,svm,max,balanced,tfidf,399,1750427814.1925411,,,
400,4868,0,svm,max,balanced,tfidf,400,1750427814.2122645,,,
401,709,0,svm,max,balanced,tfidf,401,1750427814.2301817,,,
402,138,0,svm,max,balanced,tfidf,402,1750427814.2471757,,,
403,3182,0,svm,max,balanced,tfidf,403,1750427814.2638333,,,
404,2114,0,svm,max,balanced,tfidf,404,1750427814.281711,,,
405,3549,0,svm,max,balanced,tfidf,405,1750427814.3004084,,,
406,519,0,svm,max,balanced,tfidf,406,1750427814.3185399,,,
407,2266,0,svm,max,balanced,tfidf,407,1750427814.3367438,,,
408,6472,0,svm,max,balanced,tfidf,408,1750427814.3532164,,,
409,5879,0,svm,max,balanced,tfidf,409,1750427814.3707218,,,
410,7131,0,svm,max,balanced,tfidf,410,1750427814.3878453,,,
411,6372,0,svm,max,balanced,tfidf,411,1750427814.405034,,,
412,4037,0,svm,max,balanced,tfidf,412,1750427814.4239511,,,
413,2882,0,svm,max,balanced,tfidf,413,1750427814.443939,,,
414,5531,0,svm,max,balanced,tfidf,414,1750427814.4725993,,,
415,5892,0,svm,max,balanced,tfidf,415,1750427814.491567,,,
416,1757,0,svm,max,balanced,tfidf,416,1750427814.5091476,,,
417,6060,0,svm,max,balanced,tfidf,417,1750427814.5293233,,,
418,5840,0,svm,max,balanced,tfidf,418,1750427814.5467746,,,
419,4070,0,svm,max,balanced,tfidf,419,1750427814.5636237,,,
420,2698,0,svm,max,balanced,tfidf,420,1750427814.582665,,,
421,7333,0,svm,max,balanced,tfidf,421,1750427814.60152,,,
422,6137,0,svm,max,balanced,tfidf,422,1750427814.618049,,,
423,4218,0,svm,max,balanced,tfidf,423,1750427814.6359508,,,
424,7728,0,svm,max,balanced,tfidf,424,1750427814.659265,,,
425,6759,0,svm,max,balanced,tfidf,425,1750427814.683303,,,
426,7412,0,svm,max,balanced,tfidf,426,1750427814.706194,,,
427,8585,0,svm,max,balanced,tfidf,427,1750427814.7299592,,,
428,4827,0,svm,max,balanced,tfidf,428,1750427814.751488,,,
429,6617,0,svm,max,balanced,tfidf,429,1750427814.7862267,,,
430,3782,0,svm,max,balanced,tfidf,430,1750427814.8135736,,,
431,3359,0,svm,max,balanced,tfidf,431,1750427814.8343046,,,
432,1095,0,svm,max,balanced,tfidf,432,1750427814.8560386,,,
433,214,0,svm,max,balanced,tfidf,433,1750427814.8819072,,,
434,7247,0,svm,max,balanced,tfidf,434,1750427814.903304,,,
435,5554,0,svm,max,balanced,tfidf,435,1750427814.9268174,,,
436,5884,0,svm,max,balanced,tfidf,436,1750427814.9480898,,,
437,8188,0,svm,max,balanced,tfidf,437,1750427814.9728007,,,
438,8274,0,svm,max,balanced,tfidf,438,1750427814.9944632,,,
439,6649,0,svm,max,balanced,tfidf,439,1750427815.0184457,,,
440,192,0,svm,max,balanced,tfidf,440,1750427815.0376441,,,
441,3925,0,svm,max,balanced,tfidf,441,1750427815.0560946,,,
442,6104,0,svm,max,balanced,tfidf,442,1750427815.0731168,,,
443,4590,0,svm,max,balanced,tfidf,443,1750427815.0893805,,,
444,4334,0,svm,max,balanced,tfidf,444,1750427815.1063964,,,
445,3319,0,svm,max,balanced,tfidf,445,1750427815.1231258,,,
446,6643,0,svm,max,balanced,tfidf,446,1750427815.1399293,,,
447,3521,0,svm,max,balanced,tfidf,447,1750427815.1591694,,,
448,4181,0,svm,max,balanced,tfidf,448,1750427815.179874,,,
449,8296,0,svm,max,balanced,tfidf,449,1750427815.1997979,,,
450,4704,0,svm,max,balanced,tfidf,450,1750427815.2177203,,,
451,4943,0,svm,max,balanced,tfidf,451,1750427815.2364683,,,
452,1147,0,svm,max,balanced,tfidf,452,1750427815.2536714,,,
453,2085,0,svm,max,balanced,tfidf,453,1750427815.273487,,,
454,2558,0,svm,max,balanced,tfidf,454,1750427815.3013291,,,
455,6922,0,svm,max,balanced,tfidf,455,1750427815.3194957,,,
456,1122,0,svm,max,balanced,tfidf,456,1750427815.33829,,,
457,4487,0,svm,max,balanced,tfidf,457,1750427815.3558013,,,
458,3819,0,svm,max,balanced,tfidf,458,1750427815.374895,,,
459,2708,0,svm,max,balanced,tfidf,459,1750427815.3949583,,,
460,8554,0,svm,max,balanced,tfidf,460,1750427815.41862,,,
461,4555,0,svm,max,balanced,tfidf,461,1750427815.4400709,,,
462,8025,0,svm,max,balanced,tfidf,462,1750427815.461106,,,
463,8097,0,svm,max,balanced,tfidf,463,1750427815.4840531,,,
464,7091,0,svm,max,balanced,tfidf,464,1750427815.506797,,,
465,540,0,svm,max,balanced,tfidf,465,1750427815.528137,,,
466,6116,0,svm,max,balanced,tfidf,466,1750427815.5478442,,,
467,1742,0,svm,max,balanced,tfidf,467,1750427815.5672154,,,
468,4044,0,svm,max,balanced,tfidf,468,1750427815.5851297,,,
469,6869,0,svm,max,balanced,tfidf,469,1750427815.6050012,,,
470,4432,0,svm,max,balanced,tfidf,470,1750427815.6343315,,,
471,6918,0,svm,max,balanced,tfidf,471,1750427815.6538022,,,
472,5244,0,svm,max,balanced,tfidf,472,1750427815.6732833,,,
473,1099,0,svm,max,balanced,tfidf,473,1750427815.6916323,,,
474,4309,0,svm,max,balanced,tfidf,474,1750427815.708424,,,
475,7533,0,svm,max,balanced,tfidf,475,1750427815.7272017,,,
476,5267,0,svm,max,balanced,tfidf,476,1750427815.7468626,,,
477,7667,0,svm,max,balanced,tfidf,477,1750427815.766423,,,
478,6944,0,svm,max,balanced,tfidf,478,1750427815.7849426,,,
479,5130,0,svm,max,balanced,tfidf,479,1750427815.8049715,,,
480,1935,0,svm,max,balanced,tfidf,480,1750427815.8258224,,,
481,4163,0,svm,max,balanced,tfidf,481,1750427815.8467357,,,
482,8004,0,svm,max,balanced,tfidf,482,1750427815.8660946,,,
483,2737,0,svm,max,balanced,tfidf,483,1750427815.886356,,,
484,5460,0,svm,max,balanced,tfidf,484,1750427815.9059496,,,
485,7751,0,svm,max,balanced,tfidf,485,1750427815.9262228,,,
486,6921,0,svm,max,balanced,tfidf,486,1750427815.9506032,,,
487,3217,0,svm,max,balanced,tfidf,487,1750427815.971642,,,
488,8317,0,svm,max,balanced,tfidf,488,1750427815.9910204,,,
489,635,0,svm,max,balanced,tfidf,489,1750427816.0106404,,,
490,981,0,svm,max,balanced,tfidf,490,1750427816.0284312,,,
491,3505,0,svm,max,balanced,tfidf,491,1750427816.044825,,,
492,5873,0,svm,max,balanced,tfidf,492,1750427816.0617628,,,
493,4458,0,svm,max,balanced,tfidf,493,1750427816.0781188,,,
494,1221,0,svm,max,balanced,tfidf,494,1750427816.0926826,,,
495,1827,0,svm,max,balanced,tfidf,495,1750427816.1097846,,,
496,5007,0,svm,max,balanced,tfidf,496,1750427816.1266367,,,
497,8116,0,svm,max,balanced,tfidf,497,1750427816.143412,,,
